"repo","action","status","detail"
"C:\.01_Image Org","status","ok","already indexed"
"C:\.04_Prism","status","ok","already indexed"
"C:\Users\kas41\.cargo\git\checkouts\plugins-workspace-bac95421cc662c04\c6561ab","status","ok","already indexed"
"C:\Users\kas41\.cargo\git\checkouts\whisper-rs-sys-b2a4f4acc75e5aaa\229cb4c","status","ok","already indexed"
"C:\Users\kas41\.claude","status","ok","already indexed"
"C:\Users\kas41\.claude\plugins\cache\severity1-marketplace\auto-memory\0.8.0","status","ok","already indexed"
"C:\Users\kas41\.claude\plugins\cache\temp_git_1779727225683_ir3lb1","init","ok","initialized"
"C:\Users\kas41\.claude\plugins\cache\temp_git_1779727225848_hw3hdn","init","ok","initialized"
"C:\Users\kas41\.claude\plugins\cache\temp_git_1779727225856_ie2y7m","init","ok","initialized"
"C:\Users\kas41\.claude\plugins\cache\temp_git_1779847687878_9wn4rh","init","ok","initialized"
"C:\Users\kas41\.claude\plugins\cache\temp_git_1779847687892_iduxtq","init","ok","initialized"
"C:\Users\kas41\.claude\plugins\cache\temp_git_1779847687932_3meu1l","init","ok","initialized"
"C:\Users\kas41\.claude\plugins\cache\temp_git_1779973304840_y2433t","init","ok","initialized"
"C:\Users\kas41\.claude\plugins\cache\temp_git_1779973304847_hww7f8","init","ok","initialized"
"C:\Users\kas41\.claude\plugins\cache\temp_git_1779973304853_91o9wx","init","ok","initialized"
"C:\Users\kas41\.claude\plugins\cache\temp_git_1780015852034_2t3459","init","ok","initialized"
"C:\Users\kas41\.claude\plugins\cache\temp_git_1780015852050_yy7myu","init","ok","initialized"
"C:\Users\kas41\.claude\plugins\cache\temp_git_1780015852061_1iiqio","init","ok","initialized"
"C:\Users\kas41\.claude\plugins\cache\temp_git_1780018675521_g1hu55","init","ok","initialized"
"C:\Users\kas41\.claude\plugins\cache\temp_git_1780018675534_ij848l","init","ok","initialized"
"C:\Users\kas41\.claude\plugins\cache\temp_git_1780018675546_34cduf","init","ok","initialized"
"C:\Users\kas41\.claude\plugins\cache\temp_git_1780027266542_5b6brn","init","ok","initialized"
"C:\Users\kas41\.claude\plugins\lint-triage","status","ok","already indexed"
"C:\Users\kas41\.claude\plugins\mahoraga","status","ok","already indexed"
"C:\Users\kas41\.claude\plugins\marketplaces\karpathy-skills","status","ok","already indexed"
"C:\Users\kas41\.claude\plugins\marketplaces\mahoraga-plugins","status","ok","already indexed"
"C:\Users\kas41\.claude\plugins\marketplaces\severity1-marketplace","status","ok","already indexed"
"C:\Users\kas41\.claude\skills","status","ok","already indexed"
"C:\Users\kas41\.claude-octopus\plugin","status","ok","already indexed"
"C:\Users\kas41\.codex\.tmp\plugins","status","ok","already indexed"
"C:\Users\kas41\.codex\vendor_imports\skills","status","ok","already indexed"
"C:\Users\kas41\.cursor\plugins\cache\cursor-public\datadog\fb78760badbd29f081640ed8cd60b0884f4f99dd","status","ok","already indexed"
"C:\Users\kas41\.cursor\plugins\cache\cursor-public\datarobot-agent-skills\444ed1544d097f4b74ca3cc3a6f12cfad8a5e603","status","ok","already indexed"
"C:\Users\kas41\.cursor\plugins\cache\cursor-public\granola\56583da6e4db7f311808543f18ac905b8de1ff85","status","ok","already indexed"
"C:\Users\kas41\.cursor\plugins\cache\cursor-public\gsap-skills\aed9cfd3277740755f6bfc1155c7aa645403b760","status","ok","already indexed"
"C:\Users\kas41\.cursor\plugins\cache\cursor-public\resend\fd1cdfa385ae1937bd90d9e5762cacee2d2a480a","status","ok","already indexed"
"C:\Users\kas41\.cursor\plugins\cache\cursor-public\spottercode\aa86ed7843b256482fce0ed15a1416bc8db0f860","status","ok","already indexed"
"C:\Users\kas41\.cursor\plugins\cache\cursor-public\vantage\0ceae67cf71fdb92426352eb39a1eb84de400c89","status","ok","already indexed"
"C:\Users\kas41\.cursor\plugins\cache\karpathy-skills\andrej-karpathy-skills\2c606141936f1eeef17fa3043a72095b4765b9c2","status","ok","already indexed"
"C:\Users\kas41\.cursor\plugins\cache\mahoraga-plugins\mahoraga\6b109742182ef02b609af90ecdd496387ce664f6","status","ok","already indexed"
"C:\Users\kas41\.cursor\plugins\marketplaces\github.com\crypto-star\mahoraga\6b109742182ef02b609af90ecdd496387ce664f6","status","ok","already indexed"
"C:\Users\kas41\.cursor\plugins\marketplaces\github.com\multica-ai\andrej-karpathy-skills\2c606141936f1eeef17fa3043a72095b4765b9c2","status","ok","already indexed"
"C:\Users\kas41\.factory\plugins\marketplaces\factory-plugins","status","ok","already indexed"
"C:\Users\kas41\.oh-my-bash","status","ok","already indexed"
"C:\Users\kas41\.pyenv","status","ok","already indexed"
"C:\Users\kas41\.vscode-insiders\agent-plugins\github.com\github\awesome-copilot","status","ok","already indexed"
"C:\Users\kas41\.vscode-insiders\agent-plugins\github.com\github\copilot-plugins","status","ok","already indexed"
"C:\Users\kas41\AppData\Local\Temp\ClaudeReverEng","status","ok","already indexed"
"C:\Users\kas41\AppData\Local\Temp\skills-gzUakD","status","ok","already indexed"
"C:\Users\kas41\AppData\Local\Temp\test-prepush","status","ok","already indexed"
"C:\Users\kas41\AppData\Local\Temp\tmp_2sfkndj\repo-a-wins","status","ok","already indexed"
"C:\Users\kas41\AppData\Local\Temp\tmp_2sfkndj\repo-b-loses","status","ok","already indexed"
"C:\Users\kas41\AppData\Local\Temp\tmp_72mng4e\winner-only","status","ok","already indexed"
"C:\Users\kas41\AppData\Local\Temp\tmp_dgc0se4\fake-repo","status","ok","already indexed"
"C:\Users\kas41\AppData\Local\Temp\tmp_jyw7_fq\prefix-loser","status","ok","already indexed"
"C:\Users\kas41\AppData\Local\Temp\tmp_jyw7_fq\prefix-winner","status","ok","already indexed"
"C:\Users\kas41\AppData\Local\Temp\tmp_k91qfm0\repo-a-wins","status","ok","already indexed"
"C:\Users\kas41\AppData\Local\Temp\tmp_k91qfm0\repo-b-loses","status","ok","already indexed"
"C:\Users\kas41\AppData\Local\Temp\tmp_lnm84an\winner-only","status","ok","already indexed"
"C:\Users\kas41\AppData\Local\Temp\tmp_lpsho26\prefix-loser","status","ok","already indexed"
"C:\Users\kas41\AppData\Local\Temp\tmp_lpsho26\prefix-winner","status","ok","already indexed"
"C:\Users\kas41\AppData\Local\Temp\tmp_m6ey078\winner-only","status","ok","already indexed"
"C:\Users\kas41\AppData\Local\Temp\tmp_mdfzcwi\fake-repo","status","ok","already indexed"
"C:\Users\kas41\AppData\Local\Temp\tmp_qx0mjb1\repo-a-wins","status","ok","already indexed"
"C:\Users\kas41\AppData\Local\Temp\tmp_qx0mjb1\repo-b-loses","status","ok","already indexed"
"C:\Users\kas41\AppData\Local\Temp\tmp_rbctpz1\fake-repo","status","ok","already indexed"
"C:\Users\kas41\AppData\Local\Temp\tmp_t515isa\prefix-loser","status","ok","already indexed"
"C:\Users\kas41\AppData\Local\Temp\tmp_t515isa\prefix-winner","status","ok","already indexed"
"C:\Users\kas41\AppData\Local\Temp\tmp_w8yoj6q\repo-a","status","ok","already indexed"
"C:\Users\kas41\AppData\Local\Temp\tmp_w8yoj6q\repo-b","status","ok","already indexed"
"C:\Users\kas41\AppData\Local\Temp\tmp01g6laun\prefix-loser","status","ok","already indexed"
"C:\Users\kas41\AppData\Local\Temp\tmp01g6laun\prefix-winner","status","ok","already indexed"
"C:\Users\kas41\AppData\Local\Temp\tmp05sizdvj\repo-a","status","ok","already indexed"
"C:\Users\kas41\AppData\Local\Temp\tmp05sizdvj\repo-b","status","ok","already indexed"
"C:\Users\kas41\AppData\Local\Temp\tmp0dv2hg4o\repo-a","status","ok","already indexed"
"C:\Users\kas41\AppData\Local\Temp\tmp0dv2hg4o\repo-b","status","ok","already indexed"
"C:\Users\kas41\AppData\Local\Temp\tmp0f64eegs\prefix-loser","status","ok","already indexed"
"C:\Users\kas41\AppData\Local\Temp\tmp0f64eegs\prefix-winner","status","ok","already indexed"
"C:\Users\kas41\AppData\Local\Temp\tmp0jtt2kpg\winner-only","status","ok","already indexed"
"C:\Users\kas41\AppData\Local\Temp\tmp0k0h_kf4\fake-repo","status","ok","already indexed"
"C:\Users\kas41\AppData\Local\Temp\tmp0l44latv\fake-repo","status","ok","already indexed"
"C:\Users\kas41\AppData\Local\Temp\tmp0mmcuj_5\fake-repo","status","ok","already indexed"
"C:\Users\kas41\AppData\Local\Temp\tmp0rqzddr4\fake-repo","status","ok","already indexed"
"C:\Users\kas41\AppData\Local\Temp\tmp1266v5do\fake-repo","status","ok","already indexed"
"C:\Users\kas41\AppData\Local\Temp\tmp13h067_6\fake-repo","status","ok","already indexed"
"C:\Users\kas41\AppData\Local\Temp\tmp18ny85m_\prefix-loser","status","ok","already indexed"
"C:\Users\kas41\AppData\Local\Temp\tmp18ny85m_\prefix-winner","status","ok","already indexed"
"C:\Users\kas41\AppData\Local\Temp\tmp1974oamv\repo-a","status","ok","already indexed"
"C:\Users\kas41\AppData\Local\Temp\tmp1974oamv\repo-b","status","ok","already indexed"
"C:\Users\kas41\AppData\Local\Temp\tmp19mdk9s0\fake-repo","status","ok","already indexed"
"C:\Users\kas41\AppData\Local\Temp\tmp1c632le_\fake-repo","status","ok","already indexed"
"C:\Users\kas41\AppData\Local\Temp\tmp1hqvuf8c\fake-repo","status","ok","already indexed"
"C:\Users\kas41\AppData\Local\Temp\tmp1jbe432i\prefix-loser","status","ok","already indexed"
"C:\Users\kas41\AppData\Local\Temp\tmp1jbe432i\prefix-winner","status","ok","already indexed"
"C:\Users\kas41\AppData\Local\Temp\tmp25l_0xkf\winner-only","status","ok","already indexed"
"C:\Users\kas41\AppData\Local\Temp\tmp2fi6_56i\winner-only","status","ok","already indexed"
"C:\Users\kas41\AppData\Local\Temp\tmp2hz6qw_l\fake-repo","status","ok","already indexed"
"C:\Users\kas41\AppData\Local\Temp\tmp2md4_p87\prefix-loser","status","ok","already indexed"
"C:\Users\kas41\AppData\Local\Temp\tmp2md4_p87\prefix-winner","status","ok","already indexed"
"C:\Users\kas41\AppData\Local\Temp\tmp2mr3tzth\repo-a-wins","status","ok","already indexed"
"C:\Users\kas41\AppData\Local\Temp\tmp2mr3tzth\repo-b-loses","status","ok","already indexed"
"C:\Users\kas41\AppData\Local\Temp\tmp2njoqrd4\fake-repo","status","ok","already indexed"
"C:\Users\kas41\AppData\Local\Temp\tmp3_xt4tj6\winner-only","status","ok","already indexed"
"C:\Users\kas41\AppData\Local\Temp\tmp3dmx5gaf\winner-only","status","ok","already indexed"
"C:\Users\kas41\AppData\Local\Temp\tmp3fmntt0c\prefix-loser","status","ok","already indexed"
"C:\Users\kas41\AppData\Local\Temp\tmp3fmntt0c\prefix-winner","status","ok","already indexed"
"C:\Users\kas41\AppData\Local\Temp\tmp3jpc59x4\fake-repo","status","ok","already indexed"
"C:\Users\kas41\AppData\Local\Temp\tmp3liiiui5\winner-only","status","ok","already indexed"
"C:\Users\kas41\AppData\Local\Temp\tmp3n3yuwrx\repo-a","status","ok","already indexed"
"C:\Users\kas41\AppData\Local\Temp\tmp3n3yuwrx\repo-b","status","ok","already indexed"
"C:\Users\kas41\AppData\Local\Temp\tmp3xv1v2xg\winner-only","status","ok","already indexed"
"C:\Users\kas41\AppData\Local\Temp\tmp3y2u5s6w\repo-a-wins","status","ok","already indexed"
"C:\Users\kas41\AppData\Local\Temp\tmp3y2u5s6w\repo-b-loses","status","ok","already indexed"
"C:\Users\kas41\AppData\Local\Temp\tmp3y7k6wzc\repo-a-wins","status","ok","already indexed"
"C:\Users\kas41\AppData\Local\Temp\tmp3y7k6wzc\repo-b-loses","status","ok","already indexed"
"C:\Users\kas41\AppData\Local\Temp\tmp40ht5ias\repo-a","status","ok","already indexed"
"C:\Users\kas41\AppData\Local\Temp\tmp40ht5ias\repo-b","status","ok","already indexed"
"C:\Users\kas41\AppData\Local\Temp\tmp47g9hil6\winner-only","status","ok","already indexed"
"C:\Users\kas41\AppData\Local\Temp\tmp4ebncqyu\repo-a","status","ok","already indexed"
"C:\Users\kas41\AppData\Local\Temp\tmp4ebncqyu\repo-b","status","ok","already indexed"
"C:\Users\kas41\AppData\Local\Temp\tmp4eoimws4\repo-a","status","ok","already indexed"
"C:\Users\kas41\AppData\Local\Temp\tmp4eoimws4\repo-b","status","ok","already indexed"
"C:\Users\kas41\AppData\Local\Temp\tmp4g8k6ddo\prefix-loser","status","ok","already indexed"
"C:\Users\kas41\AppData\Local\Temp\tmp4g8k6ddo\prefix-winner","status","ok","already indexed"
"C:\Users\kas41\AppData\Local\Temp\tmp4h8k75qe\fake-repo","status","ok","already indexed"
"C:\Users\kas41\AppData\Local\Temp\tmp4zurnl6a\fake-repo","status","ok","already indexed"
"C:\Users\kas41\AppData\Local\Temp\tmp50f9yhln\repo-a","status","ok","already indexed"
"C:\Users\kas41\AppData\Local\Temp\tmp50f9yhln\repo-b","status","ok","already indexed"
"C:\Users\kas41\AppData\Local\Temp\tmp52ok8qiq\repo-a-wins","status","ok","already indexed"
"C:\Users\kas41\AppData\Local\Temp\tmp52ok8qiq\repo-b-loses","status","ok","already indexed"
"C:\Users\kas41\AppData\Local\Temp\tmp5bd7xci7\repo-a","status","ok","already indexed"
"C:\Users\kas41\AppData\Local\Temp\tmp5bd7xci7\repo-b","status","ok","already indexed"
"C:\Users\kas41\AppData\Local\Temp\tmp5mpszal7\fake-repo","status","ok","already indexed"
"C:\Users\kas41\AppData\Local\Temp\tmp5rjmkdzq\fake-repo","status","ok","already indexed"
"C:\Users\kas41\AppData\Local\Temp\tmp5zym95pm\fake-repo","status","ok","already indexed"
"C:\Users\kas41\AppData\Local\Temp\tmp619vbgvw\fake-repo","status","ok","already indexed"
"C:\Users\kas41\AppData\Local\Temp\tmp67ji9wzc\fake-repo","status","ok","already indexed"
"C:\Users\kas41\AppData\Local\Temp\tmp6c6p6v7r\repo-a-wins","status","ok","already indexed"
"C:\Users\kas41\AppData\Local\Temp\tmp6c6p6v7r\repo-b-loses","status","ok","already indexed"
"C:\Users\kas41\AppData\Local\Temp\tmp6d46sk5d\winner-only","status","ok","already indexed"
"C:\Users\kas41\AppData\Local\Temp\tmp6h4wfmcg\repo-a-wins","status","ok","already indexed"
"C:\Users\kas41\AppData\Local\Temp\tmp6h4wfmcg\repo-b-loses","status","ok","already indexed"
"C:\Users\kas41\AppData\Local\Temp\tmp6i9k8fl3\repo-a-wins","status","ok","already indexed"
"C:\Users\kas41\AppData\Local\Temp\tmp6i9k8fl3\repo-b-loses","status","ok","already indexed"
"C:\Users\kas41\AppData\Local\Temp\tmp6o1je6bf\prefix-loser","status","ok","already indexed"
"C:\Users\kas41\AppData\Local\Temp\tmp6o1je6bf\prefix-winner","status","ok","already indexed"
"C:\Users\kas41\AppData\Local\Temp\tmp6pgvu1dm\fake-repo","status","ok","already indexed"
"C:\Users\kas41\AppData\Local\Temp\tmp6rni8fwt\fake-repo","status","ok","already indexed"
"C:\Users\kas41\AppData\Local\Temp\tmp6u7h4tut\fake-repo","status","ok","already indexed"
"C:\Users\kas41\AppData\Local\Temp\tmp6v1254ke\fake-repo","status","ok","already indexed"
"C:\Users\kas41\AppData\Local\Temp\tmp7_025s4r\prefix-loser","status","ok","already indexed"
"C:\Users\kas41\AppData\Local\Temp\tmp7_025s4r\prefix-winner","status","ok","already indexed"
"C:\Users\kas41\AppData\Local\Temp\tmp7_t6lyhn\repo-a-wins","status","ok","already indexed"
"C:\Users\kas41\AppData\Local\Temp\tmp7_t6lyhn\repo-b-loses","status","ok","already indexed"
"C:\Users\kas41\AppData\Local\Temp\tmp74j64442\repo-a-wins","status","ok","already indexed"
"C:\Users\kas41\AppData\Local\Temp\tmp74j64442\repo-b-loses","status","ok","already indexed"
"C:\Users\kas41\AppData\Local\Temp\tmp7aoqvs_b\repo-a","status","ok","already indexed"
"C:\Users\kas41\AppData\Local\Temp\tmp7aoqvs_b\repo-b","status","ok","already indexed"
"C:\Users\kas41\AppData\Local\Temp\tmp7e_dawkv\prefix-loser","status","ok","already indexed"
"C:\Users\kas41\AppData\Local\Temp\tmp7e_dawkv\prefix-winner","status","ok","already indexed"
"C:\Users\kas41\AppData\Local\Temp\tmp7hsjkvhm\fake-repo","status","ok","already indexed"
"C:\Users\kas41\AppData\Local\Temp\tmp7ivm6lai\prefix-loser","status","ok","already indexed"
"C:\Users\kas41\AppData\Local\Temp\tmp7ivm6lai\prefix-winner","status","ok","already indexed"
"C:\Users\kas41\AppData\Local\Temp\tmp7j2i12l_\winner-only","status","ok","already indexed"
"C:\Users\kas41\AppData\Local\Temp\tmp7n0w4rcs\repo-a-wins","status","ok","already indexed"
"C:\Users\kas41\AppData\Local\Temp\tmp7n0w4rcs\repo-b-loses","status","ok","already indexed"
"C:\Users\kas41\AppData\Local\Temp\tmp7yo9ukdh\winner-only","status","ok","already indexed"
"C:\Users\kas41\AppData\Local\Temp\tmp87oy8ol1\repo-a","status","ok","already indexed"
"C:\Users\kas41\AppData\Local\Temp\tmp87oy8ol1\repo-b","status","ok","already indexed"
"C:\Users\kas41\AppData\Local\Temp\tmp8acbvvlv\fake-repo","status","ok","already indexed"
"C:\Users\kas41\AppData\Local\Temp\tmp8b74prgm\fake-repo","status","ok","already indexed"
"C:\Users\kas41\AppData\Local\Temp\tmp8d2d44p4\winner-only","status","ok","already indexed"
"C:\Users\kas41\AppData\Local\Temp\tmp8ek79rf7\winner-only","status","ok","already indexed"
"C:\Users\kas41\AppData\Local\Temp\tmp8giipd3t\winner-only","status","ok","already indexed"
"C:\Users\kas41\AppData\Local\Temp\tmp8rgb2du8\fake-repo","status","ok","already indexed"
"C:\Users\kas41\AppData\Local\Temp\tmp8t0rsudf\repo-a-wins","status","ok","already indexed"
"C:\Users\kas41\AppData\Local\Temp\tmp8t0rsudf\repo-b-loses","status","ok","already indexed"
"C:\Users\kas41\AppData\Local\Temp\tmp8tzyoz1p\winner-only","status","ok","already indexed"
"C:\Users\kas41\AppData\Local\Temp\tmp8yj3r8uz\prefix-loser","status","ok","already indexed"
"C:\Users\kas41\AppData\Local\Temp\tmp8yj3r8uz\prefix-winner","status","ok","already indexed"
"C:\Users\kas41\AppData\Local\Temp\tmp95b6sy1n\fake-repo","status","ok","already indexed"
"C:\Users\kas41\AppData\Local\Temp\tmp9eqanyqx\repo-a","status","ok","already indexed"
"C:\Users\kas41\AppData\Local\Temp\tmp9eqanyqx\repo-b","status","ok","already indexed"
"C:\Users\kas41\AppData\Local\Temp\tmp9iuba44g\repo-a-wins","status","ok","already indexed"
"C:\Users\kas41\AppData\Local\Temp\tmp9iuba44g\repo-b-loses","status","ok","already indexed"
"C:\Users\kas41\AppData\Local\Temp\tmp9u6eg7ui\fake-repo","status","ok","already indexed"
"C:\Users\kas41\AppData\Local\Temp\tmp9uo3si8x\fake-repo","status","ok","already indexed"
"C:\Users\kas41\AppData\Local\Temp\tmp9us3ueu_\fake-repo","status","ok","already indexed"
"C:\Users\kas41\AppData\Local\Temp\tmp9vp_qkgs\fake-repo","status","ok","already indexed"
"C:\Users\kas41\AppData\Local\Temp\tmpa4cizpf2\winner-only","status","ok","already indexed"
"C:\Users\kas41\AppData\Local\Temp\tmpa5vm2lz8\repo-a","status","ok","already indexed"
"C:\Users\kas41\AppData\Local\Temp\tmpa5vm2lz8\repo-b","status","ok","already indexed"
"C:\Users\kas41\AppData\Local\Temp\tmpa868j1rj\fake-repo","status","ok","already indexed"
"C:\Users\kas41\AppData\Local\Temp\tmpai7kkrdr\repo-a","status","ok","already indexed"
"C:\Users\kas41\AppData\Local\Temp\tmpai7kkrdr\repo-b","status","ok","already indexed"
"C:\Users\kas41\AppData\Local\Temp\tmpalmsqazg\repo-a-wins","status","ok","already indexed"
"C:\Users\kas41\AppData\Local\Temp\tmpalmsqazg\repo-b-loses","status","ok","already indexed"
"C:\Users\kas41\AppData\Local\Temp\tmpapoyhk71\fake-repo","status","ok","already indexed"
"C:\Users\kas41\AppData\Local\Temp\tmpb5in4oa6\repo-a","status","ok","already indexed"
"C:\Users\kas41\AppData\Local\Temp\tmpb5in4oa6\repo-b","status","ok","already indexed"
"C:\Users\kas41\AppData\Local\Temp\tmpb67f4p8k\fake-repo","status","ok","already indexed"
"C:\Users\kas41\AppData\Local\Temp\tmpb8pjdi09\fake-repo","status","ok","already indexed"
"C:\Users\kas41\AppData\Local\Temp\tmpb95tvqye\fake-repo","status","ok","already indexed"
"C:\Users\kas41\AppData\Local\Temp\tmpbatv65an\fake-repo","status","ok","already indexed"
"C:\Users\kas41\AppData\Local\Temp\tmpbfe56mez\repo-a-wins","status","ok","already indexed"
"C:\Users\kas41\AppData\Local\Temp\tmpbfe56mez\repo-b-loses","status","ok","already indexed"
"C:\Users\kas41\AppData\Local\Temp\tmpbpmayx3f\prefix-loser","status","ok","already indexed"
"C:\Users\kas41\AppData\Local\Temp\tmpbpmayx3f\prefix-winner","status","ok","already indexed"
"C:\Users\kas41\AppData\Local\Temp\tmpbsntm2s0\repo-a","status","ok","already indexed"
"C:\Users\kas41\AppData\Local\Temp\tmpbsntm2s0\repo-b","status","ok","already indexed"
"C:\Users\kas41\AppData\Local\Temp\tmpc1npo352\repo-a","status","ok","already indexed"
"C:\Users\kas41\AppData\Local\Temp\tmpc1npo352\repo-b","status","ok","already indexed"
"C:\Users\kas41\AppData\Local\Temp\tmpc384hjzr\repo-a-wins","status","ok","already indexed"
"C:\Users\kas41\AppData\Local\Temp\tmpc384hjzr\repo-b-loses","status","ok","already indexed"
"C:\Users\kas41\AppData\Local\Temp\tmpc3c3ldjs\winner-only","status","ok","already indexed"
"C:\Users\kas41\AppData\Local\Temp\tmpc5128n_x\winner-only","status","ok","already indexed"
"C:\Users\kas41\AppData\Local\Temp\tmpcccmg0gc\prefix-loser","status","ok","already indexed"
"C:\Users\kas41\AppData\Local\Temp\tmpcccmg0gc\prefix-winner","status","ok","already indexed"
"C:\Users\kas41\AppData\Local\Temp\tmpcq227wxx\winner-only","status","ok","already indexed"
"C:\Users\kas41\AppData\Local\Temp\tmpcqs8c64b\repo-a-wins","status","ok","already indexed"
"C:\Users\kas41\AppData\Local\Temp\tmpcqs8c64b\repo-b-loses","status","ok","already indexed"
"C:\Users\kas41\AppData\Local\Temp\tmpcxhnxiff\repo-a","status","ok","already indexed"
"C:\Users\kas41\AppData\Local\Temp\tmpcxhnxiff\repo-b","status","ok","already indexed"
"C:\Users\kas41\AppData\Local\Temp\tmpds1cjtai\prefix-loser","status","ok","already indexed"
"C:\Users\kas41\AppData\Local\Temp\tmpds1cjtai\prefix-winner","status","ok","already indexed"
"C:\Users\kas41\AppData\Local\Temp\tmpdumpqyfb\winner-only","status","ok","already indexed"
"C:\Users\kas41\AppData\Local\Temp\tmpdv0pak6g\repo-a","status","ok","already indexed"
"C:\Users\kas41\AppData\Local\Temp\tmpdv0pak6g\repo-b","status","ok","already indexed"
"C:\Users\kas41\AppData\Local\Temp\tmpdycxc0d1\fake-repo","status","ok","already indexed"
"C:\Users\kas41\AppData\Local\Temp\tmpe12bqrk7\repo-a-wins","status","ok","already indexed"
"C:\Users\kas41\AppData\Local\Temp\tmpe12bqrk7\repo-b-loses","status","ok","already indexed"
"C:\Users\kas41\AppData\Local\Temp\tmpe4frclg5\winner-only","status","ok","already indexed"
"C:\Users\kas41\AppData\Local\Temp\tmpepqv3cm4\fake-repo","status","ok","already indexed"
"C:\Users\kas41\AppData\Local\Temp\tmpeyyqeksi\fake-repo","status","ok","already indexed"
"C:\Users\kas41\AppData\Local\Temp\tmpf4yz_1gz\prefix-loser","status","ok","already indexed"
"C:\Users\kas41\AppData\Local\Temp\tmpf4yz_1gz\prefix-winner","status","ok","already indexed"
"C:\Users\kas41\AppData\Local\Temp\tmpf57643os\repo-a","status","ok","already indexed"
"C:\Users\kas41\AppData\Local\Temp\tmpf57643os\repo-b","status","ok","already indexed"
"C:\Users\kas41\AppData\Local\Temp\tmpf6830e_q\fake-repo","status","ok","already indexed"
"C:\Users\kas41\AppData\Local\Temp\tmpf8nbefjk\repo-a-wins","status","ok","already indexed"
"C:\Users\kas41\AppData\Local\Temp\tmpf8nbefjk\repo-b-loses","status","ok","already indexed"
"C:\Users\kas41\AppData\Local\Temp\tmpff7jbrx4\fake-repo","status","ok","already indexed"
"C:\Users\kas41\AppData\Local\Temp\tmpfjycsxl0\repo-a-wins","status","ok","already indexed"
"C:\Users\kas41\AppData\Local\Temp\tmpfjycsxl0\repo-b-loses","status","ok","already indexed"
"C:\Users\kas41\AppData\Local\Temp\tmpfn9xuije\fake-repo","status","ok","already indexed"
"C:\Users\kas41\AppData\Local\Temp\tmpftd28b38\repo-a-wins","init","ok","initialized"
"C:\Users\kas41\AppData\Local\Temp\tmpftd28b38\repo-b-loses","init","ok","initialized"
"C:\Users\kas41\AppData\Local\Temp\tmpfum1i1jx\winner-only","init","ok","initialized"
"C:\Users\kas41\AppData\Local\Temp\tmpg_ker60d\fake-repo","init","ok","initialized"
"C:\Users\kas41\AppData\Local\Temp\tmpga9u54yi\repo-a-wins","init","ok","initialized"
"C:\Users\kas41\AppData\Local\Temp\tmpga9u54yi\repo-b-loses","init","ok","initialized"
"C:\Users\kas41\AppData\Local\Temp\tmpgakrikat\prefix-loser","init","ok","initialized"
"C:\Users\kas41\AppData\Local\Temp\tmpgakrikat\prefix-winner","init","ok","initialized"
"C:\Users\kas41\AppData\Local\Temp\tmpgbmzjp_e\fake-repo","init","ok","initialized"
"C:\Users\kas41\AppData\Local\Temp\tmpgiyoyn8b\repo-a","init","ok","initialized"
"C:\Users\kas41\AppData\Local\Temp\tmpgiyoyn8b\repo-b","init","ok","initialized"
"C:\Users\kas41\AppData\Local\Temp\tmpgm7ye2jf\winner-only","init","ok","initialized"
"C:\Users\kas41\AppData\Local\Temp\tmpgsx0o3zd\fake-repo","init","ok","initialized"
"C:\Users\kas41\AppData\Local\Temp\tmpgyedpu75\repo-a","init","ok","initialized"
"C:\Users\kas41\AppData\Local\Temp\tmpgyedpu75\repo-b","init","ok","initialized"
"C:\Users\kas41\AppData\Local\Temp\tmpgyzi100y\fake-repo","init","ok","initialized"
"C:\Users\kas41\AppData\Local\Temp\tmph272on80\repo-a","init","ok","initialized"
"C:\Users\kas41\AppData\Local\Temp\tmph272on80\repo-b","init","ok","initialized"
"C:\Users\kas41\AppData\Local\Temp\tmph701u7hk\prefix-loser","init","ok","initialized"
"C:\Users\kas41\AppData\Local\Temp\tmph701u7hk\prefix-winner","init","ok","initialized"
"C:\Users\kas41\AppData\Local\Temp\tmphhvr7bu6\fake-repo","init","ok","initialized"
"C:\Users\kas41\AppData\Local\Temp\tmphp7mk9zf\fake-repo","init","ok","initialized"
"C:\Users\kas41\AppData\Local\Temp\tmphyjb89zh\repo-a","init","ok","initialized"
"C:\Users\kas41\AppData\Local\Temp\tmphyjb89zh\repo-b","init","ok","initialized"
"C:\Users\kas41\AppData\Local\Temp\tmpi5uf_qva\winner-only","init","ok","initialized"
"C:\Users\kas41\AppData\Local\Temp\tmpi7hw7oxh\fake-repo","init","ok","initialized"
"C:\Users\kas41\AppData\Local\Temp\tmpirv09_ji\repo-a-wins","init","ok","initialized"
"C:\Users\kas41\AppData\Local\Temp\tmpirv09_ji\repo-b-loses","init","ok","initialized"
"C:\Users\kas41\AppData\Local\Temp\tmpj352d8ju\repo-a","init","ok","initialized"
"C:\Users\kas41\AppData\Local\Temp\tmpj352d8ju\repo-b","init","ok","initialized"
"C:\Users\kas41\AppData\Local\Temp\tmpj35eaj38\winner-only","init","ok","initialized"
"C:\Users\kas41\AppData\Local\Temp\tmpjafh4_sd\repo-a","init","ok","initialized"
"C:\Users\kas41\AppData\Local\Temp\tmpjafh4_sd\repo-b","init","ok","initialized"
"C:\Users\kas41\AppData\Local\Temp\tmpjfrnb0lv\repo-a","init","ok","initialized"
"C:\Users\kas41\AppData\Local\Temp\tmpjfrnb0lv\repo-b","init","ok","initialized"
"C:\Users\kas41\AppData\Local\Temp\tmpjg9b82da\repo-a-wins","init","ok","initialized"
"C:\Users\kas41\AppData\Local\Temp\tmpjg9b82da\repo-b-loses","init","ok","initialized"
"C:\Users\kas41\AppData\Local\Temp\tmpjj7plzcm\repo-a","init","ok","initialized"
"C:\Users\kas41\AppData\Local\Temp\tmpjj7plzcm\repo-b","init","ok","initialized"
"C:\Users\kas41\AppData\Local\Temp\tmpjs_9bp_z\fake-repo","init","ok","initialized"
"C:\Users\kas41\AppData\Local\Temp\tmpkenyqufh\repo-a-wins","init","ok","initialized"
"C:\Users\kas41\AppData\Local\Temp\tmpkenyqufh\repo-b-loses","init","ok","initialized"
"C:\Users\kas41\AppData\Local\Temp\tmpkn6z28jn\fake-repo","init","ok","initialized"
"C:\Users\kas41\AppData\Local\Temp\tmpkndrjxh2\repo-a","init","ok","initialized"
"C:\Users\kas41\AppData\Local\Temp\tmpkndrjxh2\repo-b","init","ok","initialized"
"C:\Users\kas41\AppData\Local\Temp\tmpku8rwz48\repo-a","init","ok","initialized"
"C:\Users\kas41\AppData\Local\Temp\tmpku8rwz48\repo-b","init","ok","initialized"
"C:\Users\kas41\AppData\Local\Temp\tmpkuvrcym5\winner-only","init","ok","initialized"
"C:\Users\kas41\AppData\Local\Temp\tmpkw1sgmpd\fake-repo","init","ok","initialized"
"C:\Users\kas41\AppData\Local\Temp\tmpkwdznwmf\fake-repo","init","ok","initialized"
"C:\Users\kas41\AppData\Local\Temp\tmpkyj3uxob\prefix-loser","init","ok","initialized"
"C:\Users\kas41\AppData\Local\Temp\tmpkyj3uxob\prefix-winner","init","ok","initialized"
"C:\Users\kas41\AppData\Local\Temp\tmpl0unpij3\winner-only","init","ok","initialized"
"C:\Users\kas41\AppData\Local\Temp\tmpl2894a29\repo-a","init","ok","initialized"
"C:\Users\kas41\AppData\Local\Temp\tmpl2894a29\repo-b","init","ok","initialized"
"C:\Users\kas41\AppData\Local\Temp\tmpl9f09w2l\winner-only","init","ok","initialized"
"C:\Users\kas41\AppData\Local\Temp\tmplf0_10ja\fake-repo","init","ok","initialized"
"C:\Users\kas41\AppData\Local\Temp\tmplfxwgcwr\winner-only","init","ok","initialized"
"C:\Users\kas41\AppData\Local\Temp\tmpljiddyfm\repo-a","init","ok","initialized"
"C:\Users\kas41\AppData\Local\Temp\tmpljiddyfm\repo-b","init","ok","initialized"
"C:\Users\kas41\AppData\Local\Temp\tmplqogesmm\repo-a-wins","init","ok","initialized"
"C:\Users\kas41\AppData\Local\Temp\tmplqogesmm\repo-b-loses","init","ok","initialized"
"C:\Users\kas41\AppData\Local\Temp\tmplsln6hx9\fake-repo","init","ok","initialized"
"C:\Users\kas41\AppData\Local\Temp\tmplzecxupp\prefix-loser","init","ok","initialized"
"C:\Users\kas41\AppData\Local\Temp\tmplzecxupp\prefix-winner","init","ok","initialized"
"C:\Users\kas41\AppData\Local\Temp\tmpmdjjyepk\fake-repo","init","ok","initialized"
"C:\Users\kas41\AppData\Local\Temp\tmpmrb3vp3x\winner-only","init","ok","initialized"
"C:\Users\kas41\AppData\Local\Temp\tmpmvx67ww_\fake-repo","init","ok","initialized"
"C:\Users\kas41\AppData\Local\Temp\tmpmx8xmt79\repo-a","init","ok","initialized"
"C:\Users\kas41\AppData\Local\Temp\tmpmx8xmt79\repo-b","init","ok","initialized"
"C:\Users\kas41\AppData\Local\Temp\tmpnj80_i32\repo-a","init","ok","initialized"
"C:\Users\kas41\AppData\Local\Temp\tmpnj80_i32\repo-b","init","ok","initialized"
"C:\Users\kas41\AppData\Local\Temp\tmpnmrm9yy3\repo-a-wins","init","ok","initialized"
"C:\Users\kas41\AppData\Local\Temp\tmpnmrm9yy3\repo-b-loses","init","ok","initialized"
"C:\Users\kas41\AppData\Local\Temp\tmpo_10agig\prefix-loser","init","ok","initialized"
"C:\Users\kas41\AppData\Local\Temp\tmpo_10agig\prefix-winner","init","ok","initialized"
"C:\Users\kas41\AppData\Local\Temp\tmpo_c5offk\fake-repo","init","ok","initialized"
"C:\Users\kas41\AppData\Local\Temp\tmpo4biovkw\fake-repo","init","ok","initialized"
"C:\Users\kas41\AppData\Local\Temp\tmpo5i_7tp6\fake-repo","init","ok","initialized"
"C:\Users\kas41\AppData\Local\Temp\tmpo9jxk93b\prefix-loser","init","ok","initialized"
"C:\Users\kas41\AppData\Local\Temp\tmpo9jxk93b\prefix-winner","init","ok","initialized"
"C:\Users\kas41\AppData\Local\Temp\tmpobev608u\winner-only","init","ok","initialized"
"C:\Users\kas41\AppData\Local\Temp\tmpodlwqgsu\fake-repo","init","ok","initialized"
"C:\Users\kas41\AppData\Local\Temp\tmpogn6ju2f\fake-repo","init","ok","initialized"
"C:\Users\kas41\AppData\Local\Temp\tmpojhmr4l5\winner-only","init","ok","initialized"
"C:\Users\kas41\AppData\Local\Temp\tmpoocem7qd\repo-a-wins","init","ok","initialized"
"C:\Users\kas41\AppData\Local\Temp\tmpoocem7qd\repo-b-loses","init","ok","initialized"
"C:\Users\kas41\AppData\Local\Temp\tmpopa3mys2\fake-repo","init","ok","initialized"
"C:\Users\kas41\AppData\Local\Temp\tmpoqtpholt\prefix-loser","init","ok","initialized"
"C:\Users\kas41\AppData\Local\Temp\tmpoqtpholt\prefix-winner","init","ok","initialized"
"C:\Users\kas41\AppData\Local\Temp\tmppuscerwg\prefix-loser","init","ok","initialized"
"C:\Users\kas41\AppData\Local\Temp\tmppuscerwg\prefix-winner","init","ok","initialized"
"C:\Users\kas41\AppData\Local\Temp\tmppxaka_vm\fake-repo","init","ok","initialized"
"C:\Users\kas41\AppData\Local\Temp\tmpq9t05ybc\winner-only","init","ok","initialized"
"C:\Users\kas41\AppData\Local\Temp\tmpqf3nyskg\fake-repo","init","ok","initialized"
"C:\Users\kas41\AppData\Local\Temp\tmpqk9mjo5y\prefix-loser","init","ok","initialized"
"C:\Users\kas41\AppData\Local\Temp\tmpqk9mjo5y\prefix-winner","init","ok","initialized"
"C:\Users\kas41\AppData\Local\Temp\tmpqnshfn47\fake-repo","init","ok","initialized"
"C:\Users\kas41\AppData\Local\Temp\tmpqpjz3qog\winner-only","init","ok","initialized"
"C:\Users\kas41\AppData\Local\Temp\tmpqx9dyll2\winner-only","init","ok","initialized"
"C:\Users\kas41\AppData\Local\Temp\tmpr9_a1s7y\repo-a-wins","init","ok","initialized"
"C:\Users\kas41\AppData\Local\Temp\tmpr9_a1s7y\repo-b-loses","init","ok","initialized"
"C:\Users\kas41\AppData\Local\Temp\tmprecko8o5\winner-only","init","ok","initialized"
"C:\Users\kas41\AppData\Local\Temp\tmprgysscuo\winner-only","init","ok","initialized"
"C:\Users\kas41\AppData\Local\Temp\tmpsc4tsdq4\fake-repo","init","ok","initialized"
"C:\Users\kas41\AppData\Local\Temp\tmpsff40wbf\repo-a-wins","init","ok","initialized"
"C:\Users\kas41\AppData\Local\Temp\tmpsff40wbf\repo-b-loses","init","ok","initialized"
"C:\Users\kas41\AppData\Local\Temp\tmpsgjq08ua\fake-repo","init","ok","initialized"
"C:\Users\kas41\AppData\Local\Temp\tmpsj3qtmu0\repo-a-wins","init","ok","initialized"
"C:\Users\kas41\AppData\Local\Temp\tmpsj3qtmu0\repo-b-loses","init","ok","initialized"
"C:\Users\kas41\AppData\Local\Temp\tmpsp_lntki\fake-repo","init","ok","initialized"
"C:\Users\kas41\AppData\Local\Temp\tmpsr6_xf5h\prefix-loser","init","ok","initialized"
"C:\Users\kas41\AppData\Local\Temp\tmpsr6_xf5h\prefix-winner","init","ok","initialized"
"C:\Users\kas41\AppData\Local\Temp\tmpsw3axg8v\fake-repo","init","ok","initialized"
"C:\Users\kas41\AppData\Local\Temp\tmpsxuh86ot\prefix-loser","init","ok","initialized"
"C:\Users\kas41\AppData\Local\Temp\tmpsxuh86ot\prefix-winner","init","ok","initialized"
"C:\Users\kas41\AppData\Local\Temp\tmpt2zi8wmr\fake-repo","init","ok","initialized"
"C:\Users\kas41\AppData\Local\Temp\tmptf1x863i\prefix-loser","init","ok","initialized"
"C:\Users\kas41\AppData\Local\Temp\tmptf1x863i\prefix-winner","init","ok","initialized"
"C:\Users\kas41\AppData\Local\Temp\tmptgn1d4ux\repo-a","init","ok","initialized"
"C:\Users\kas41\AppData\Local\Temp\tmptgn1d4ux\repo-b","init","ok","initialized"
"C:\Users\kas41\AppData\Local\Temp\tmptnmfpq1t\fake-repo","init","ok","initialized"
"C:\Users\kas41\AppData\Local\Temp\tmpu9dhzgvz\prefix-loser","init","ok","initialized"
"C:\Users\kas41\AppData\Local\Temp\tmpu9dhzgvz\prefix-winner","init","ok","initialized"
"C:\Users\kas41\AppData\Local\Temp\tmpuatqtrhf\repo-a-wins","init","ok","initialized"
"C:\Users\kas41\AppData\Local\Temp\tmpuatqtrhf\repo-b-loses","init","ok","initialized"
"C:\Users\kas41\AppData\Local\Temp\tmpug5fv0f7\repo-a-wins","init","ok","initialized"
"C:\Users\kas41\AppData\Local\Temp\tmpug5fv0f7\repo-b-loses","init","ok","initialized"
"C:\Users\kas41\AppData\Local\Temp\tmpug9f55ra\repo-a","init","ok","initialized"
"C:\Users\kas41\AppData\Local\Temp\tmpug9f55ra\repo-b","init","ok","initialized"
"C:\Users\kas41\AppData\Local\Temp\tmpulj8v04d\fake-repo","init","ok","initialized"
"C:\Users\kas41\AppData\Local\Temp\tmpum6xrzfc\prefix-loser","init","ok","initialized"
"C:\Users\kas41\AppData\Local\Temp\tmpum6xrzfc\prefix-winner","init","ok","initialized"
"C:\Users\kas41\AppData\Local\Temp\tmpuomuux8k\repo-a","init","ok","initialized"
"C:\Users\kas41\AppData\Local\Temp\tmpuomuux8k\repo-b","init","ok","initialized"
"C:\Users\kas41\AppData\Local\Temp\tmputyk3vjs\repo-a","init","ok","initialized"
"C:\Users\kas41\AppData\Local\Temp\tmputyk3vjs\repo-b","init","ok","initialized"
"C:\Users\kas41\AppData\Local\Temp\tmpv2x8iznr\fake-repo","init","ok","initialized"
"C:\Users\kas41\AppData\Local\Temp\tmpv4eqfs3f\prefix-loser","init","ok","initialized"
"C:\Users\kas41\AppData\Local\Temp\tmpv4eqfs3f\prefix-winner","init","ok","initialized"
"C:\Users\kas41\AppData\Local\Temp\tmpv6lhtflj\fake-repo","init","ok","initialized"
"C:\Users\kas41\AppData\Local\Temp\tmpvclisn4m\fake-repo","init","ok","initialized"
"C:\Users\kas41\AppData\Local\Temp\tmpvgn0j0ec\winner-only","init","ok","initialized"
"C:\Users\kas41\AppData\Local\Temp\tmpvid4vo5a\repo-a","init","ok","initialized"
"C:\Users\kas41\AppData\Local\Temp\tmpvid4vo5a\repo-b","init","ok","initialized"
"C:\Users\kas41\AppData\Local\Temp\tmpvqcq_pam\winner-only","init","ok","initialized"
"C:\Users\kas41\AppData\Local\Temp\tmpw0_7w801\repo-a-wins","init","ok","initialized"
"C:\Users\kas41\AppData\Local\Temp\tmpw0_7w801\repo-b-loses","init","ok","initialized"
"C:\Users\kas41\AppData\Local\Temp\tmpw0bfd1no\winner-only","init","ok","initialized"
"C:\Users\kas41\AppData\Local\Temp\tmpw5hoznw8\fake-repo","init","ok","initialized"
"C:\Users\kas41\AppData\Local\Temp\tmpw5lwuyef\repo-a-wins","init","ok","initialized"
"C:\Users\kas41\AppData\Local\Temp\tmpw5lwuyef\repo-b-loses","init","ok","initialized"
"C:\Users\kas41\AppData\Local\Temp\tmpwfmsatua\repo-a-wins","init","ok","initialized"
"C:\Users\kas41\AppData\Local\Temp\tmpwfmsatua\repo-b-loses","init","ok","initialized"
"C:\Users\kas41\AppData\Local\Temp\tmpwgkwauzm\prefix-loser","init","ok","initialized"
"C:\Users\kas41\AppData\Local\Temp\tmpwgkwauzm\prefix-winner","init","ok","initialized"
"C:\Users\kas41\AppData\Local\Temp\tmpwj9v4ka3\fake-repo","init","ok","initialized"
"C:\Users\kas41\AppData\Local\Temp\tmpwkvc8tla\fake-repo","init","ok","initialized"
"C:\Users\kas41\AppData\Local\Temp\tmpwm3_s189\prefix-loser","init","ok","initialized"
"C:\Users\kas41\AppData\Local\Temp\tmpwm3_s189\prefix-winner","init","ok","initialized"
"C:\Users\kas41\AppData\Local\Temp\tmpwvesccvu\fake-repo","init","ok","initialized"
"C:\Users\kas41\AppData\Local\Temp\tmpwxega651\repo-a","init","ok","initialized"
"C:\Users\kas41\AppData\Local\Temp\tmpwxega651\repo-b","init","ok","initialized"
"C:\Users\kas41\AppData\Local\Temp\tmpx19w7u7r\fake-repo","init","ok","initialized"
"C:\Users\kas41\AppData\Local\Temp\tmpx1yaolq2\repo-a-wins","init","ok","initialized"
"C:\Users\kas41\AppData\Local\Temp\tmpx1yaolq2\repo-b-loses","init","ok","initialized"
"C:\Users\kas41\AppData\Local\Temp\tmpx8ltvg51\prefix-loser","init","ok","initialized"
"C:\Users\kas41\AppData\Local\Temp\tmpx8ltvg51\prefix-winner","init","ok","initialized"
"C:\Users\kas41\AppData\Local\Temp\tmpxdsxln9t\prefix-loser","init","ok","initialized"
"C:\Users\kas41\AppData\Local\Temp\tmpxdsxln9t\prefix-winner","init","ok","initialized"
"C:\Users\kas41\AppData\Local\Temp\tmpxhlj6yb2\prefix-loser","init","ok","initialized"
"C:\Users\kas41\AppData\Local\Temp\tmpxhlj6yb2\prefix-winner","init","ok","initialized"
"C:\Users\kas41\AppData\Local\Temp\tmpxm9__jlh\prefix-loser","init","ok","initialized"
"C:\Users\kas41\AppData\Local\Temp\tmpxm9__jlh\prefix-winner","init","ok","initialized"
"C:\Users\kas41\AppData\Local\Temp\tmpy2xbvv51\repo-a","init","ok","initialized"
"C:\Users\kas41\AppData\Local\Temp\tmpy2xbvv51\repo-b","init","ok","initialized"
"C:\Users\kas41\AppData\Local\Temp\tmpyef7zi9x\repo-a-wins","init","ok","initialized"
"C:\Users\kas41\AppData\Local\Temp\tmpyef7zi9x\repo-b-loses","init","ok","initialized"
"C:\Users\kas41\AppData\Local\Temp\tmpyfz3ma17\fake-repo","init","ok","initialized"
"C:\Users\kas41\AppData\Local\Temp\tmpyqetjf09\fake-repo","init","ok","initialized"
"C:\Users\kas41\AppData\Local\Temp\tmpz3igcn07\repo-a-wins","init","ok","initialized"
"C:\Users\kas41\AppData\Local\Temp\tmpz3igcn07\repo-b-loses","init","ok","initialized"
"C:\Users\kas41\AppData\Local\Temp\tmpz4n4wz_j\winner-only","init","ok","initialized"
"C:\Users\kas41\AppData\Local\Temp\tmpz8ipadiy\repo-a","init","ok","initialized"
"C:\Users\kas41\AppData\Local\Temp\tmpz8ipadiy\repo-b","init","ok","initialized"
"C:\Users\kas41\AppData\Local\Temp\tmpzbxmqust\prefix-loser","init","ok","initialized"
"C:\Users\kas41\AppData\Local\Temp\tmpzbxmqust\prefix-winner","init","ok","initialized"
"C:\Users\kas41\AppData\Local\Temp\tmpzdz2vj3l\prefix-loser","init","ok","initialized"
"C:\Users\kas41\AppData\Local\Temp\tmpzdz2vj3l\prefix-winner","init","ok","initialized"
"C:\Users\kas41\AppData\Local\Temp\tmpzgxmdzd3\prefix-loser","init","ok","initialized"
"C:\Users\kas41\AppData\Local\Temp\tmpzgxmdzd3\prefix-winner","init","ok","initialized"
"C:\Users\kas41\AppData\Local\Temp\tmpzm_rv6k3\repo-a","init","ok","initialized"
"C:\Users\kas41\AppData\Local\Temp\tmpzm_rv6k3\repo-b","init","ok","initialized"
"C:\Users\kas41\AppData\Local\Temp\tmpzr6l8579\prefix-loser","init","ok","initialized"
"C:\Users\kas41\AppData\Local\Temp\tmpzr6l8579\prefix-winner","init","ok","initialized"
"C:\Users\kas41\AppData\Local\uv\cache\git-v0\checkouts\42910dfe8296368e\1e89449","init","ok","initialized"
"C:\Users\kas41\AppData\Local\uv\cache\git-v0\checkouts\42910dfe8296368e\59c4e59","init","ok","initialized"
"C:\Users\kas41\AppData\Local\uv\cache\git-v0\checkouts\42910dfe8296368e\5d417be","init","ok","initialized"
"C:\Users\kas41\AppData\Local\uv\cache\git-v0\db\42910dfe8296368e","init","ok","initialized"
"C:\Users\kas41\AppData\Roaming\Code\User\workspaceStorage\0e6e514ce93b4153652c72c78febad24\AndrePimenta.claude-code-chat\backups","init","ok","initialized"
"C:\Users\kas41\AppData\Roaming\Code\User\workspaceStorage\5e7254e2623d9a944ab4741afdcc4308\AndrePimenta.claude-code-chat\backups","init","ok","initialized"
"C:\Users\kas41\AppData\Roaming\Code\User\workspaceStorage\807e152c87fbd130b8d3fa4f978c7a86\AndrePimenta.claude-code-chat\backups","init","ok","initialized"
"C:\Users\kas41\AppData\Roaming\Code\User\workspaceStorage\84dd226f7d0e0e39be673e1e53b8dead\AndrePimenta.claude-code-chat\backups","init","ok","initialized"
"C:\Users\kas41\AppData\Roaming\Code\User\workspaceStorage\917329ae307f995d64c850a859a11ba0\AndrePimenta.claude-code-chat\backups","init","ok","initialized"
"C:\Users\kas41\AppData\Roaming\Code\User\workspaceStorage\bb4e0fb553b3b91a807df6aa359a603d\AndrePimenta.claude-code-chat\backups","init","ok","initialized"
"C:\Users\kas41\AppData\Roaming\Code\User\workspaceStorage\c0218f5d22db7dea3034c2275b2cb348\AndrePimenta.claude-code-chat\backups","init","ok","initialized"
"C:\Users\kas41\AppData\Roaming\Code\User\workspaceStorage\c538ce019e6908253350c0acad1a2fb7\AndrePimenta.claude-code-chat\backups","init","ok","initialized"
"C:\Users\kas41\AppData\Roaming\Code\User\workspaceStorage\eeefd2c05fd3250713853e1d84456ff1\AndrePimenta.claude-code-chat\backups","init","ok","initialized"
"C:\Users\kas41\AppData\Roaming\Cursor\User\workspaceStorage\4546eb334d401eafaeca5f74d81fa56e\AndrePimenta.claude-code-chat\backups","init","ok","initialized"
"C:\Users\kas41\AppData\Roaming\Cursor\User\workspaceStorage\5667d5bbf180d63420e8966a824eaef6\AndrePimenta.claude-code-chat\backups","init","ok","initialized"
"C:\Users\kas41\AppData\Roaming\Cursor\User\workspaceStorage\b623b82d87a81b3033bec1f47f7f25c7\AndrePimenta.claude-code-chat\backups","init","ok","initialized"
"C:\Users\kas41\AppData\Roaming\Cursor\User\workspaceStorage\d338314a39c13fb6e0084d2457d33e28\AndrePimenta.claude-code-chat\backups","init","ok","initialized"
"C:\Users\kas41\AppData\Roaming\Cursor\User\workspaceStorage\f944d0dbbd64af004723e8528507fae0\AndrePimenta.claude-code-chat\backups","init","ok","initialized"
"C:\Users\kas41\archived\zelexdoll-theme","status","ok","already indexed"
"C:\Users\kas41\archived\zelexdoll-theme\awesome-design-md","status","ok","already indexed"
"C:\Users\kas41\Chromatic_Wiki","init","ok","initialized"
"C:\Users\kas41\chromatic-design-studios","status","ok","already indexed"
"C:\Users\kas41\chromatic-harness-v2","status","ok","already indexed"
"C:\Users\kas41\chromatic-stack","status","ok","already indexed"
"C:\Users\kas41\chromatic-wiki","status","ok","already indexed"
"C:\Users\kas41\claude-powerline","status","ok","already indexed"
"C:\Users\kas41\fusion-computer","status","ok","already indexed"
